model,feature_set,s1_macro_f1_mean,s1_macro_f1_std,s1_log_loss_mean,s3_macro_f1,s3_accuracy,final_macro_f1,final_accuracy,final_log_loss,latency_ms_per_1k,train_seconds,error
dummy_prior,A,0.2064408438722123,0.0044147970025212,1.0596701170591565,0.1827403424474697,0.3776201733648542,0.2279843815155995,0.5197027307293467,1.052948467165853,4.863584514383311,0.1113652999920304,
dummy_stratified,A,0.3424545227640597,0.0013939170448928,22.801191261166945,0.3259867858485156,0.3555555555555555,0.3388657169206084,0.373487729001037,22.581791139915254,4.45207397196673,0.110418700001901,
decision_tree,A,0.5219966646231169,0.0750272511413313,1.1241090635264863,0.46296257792247,0.5432624113475177,0.4592815082325017,0.4599032146560664,0.9533358397658817,4.576218458307979,0.1742462000111118,
random_forest,A,0.6270638864606358,0.0121597487297698,0.7490559686207072,0.526966409674353,0.5513002364066194,0.6246875790469616,0.6664362253715866,0.6998432961397962,9.273885241910047,0.34183760000451,
bagging,A,0.6452914326845445,0.0101967116644242,0.7077389922514141,0.5410010565202451,0.5059101654846335,0.6168817331186777,0.6830279986173522,0.6506847444422825,30.315865881864504,0.3897703999973601,
gradient_boosting,A,0.6432497706941998,0.0122739704684655,0.7037325586107092,0.4730148084928934,0.4780141843971631,0.5315935322875038,0.6807811959903215,0.6509097827366583,6.424092636440455,1.7362441000004765,
hist_gradient_boosting,A,0.6430441150487246,0.0119420212234085,0.7031234620617115,0.5183891339219363,0.4996059889676911,0.6196803767986349,0.6840649844452126,0.6507056206988344,6.253059107679558,0.6278403000032995,
xgboost,A,0.6468642536953271,0.0109464513248765,0.7040239810943604,0.5211228499255361,0.5011820330969267,0.5690448456514766,0.6757690978223297,0.6494698524475098,6.068873142453688,0.3852621999976691,
lightgbm,A,0.6307694978094934,0.0149274576205673,0.7310372550898989,0.5444557642943636,0.5735224586288417,0.6290142893246373,0.6507086069823712,0.6896904078431908,4.464206705481519,0.3521982999955071,
soft_voting,A,0.6399223794020175,0.0122541281764533,0.7167375361499672,0.5626056526215893,0.5700551615445233,0.6259775210181343,0.6638437608019357,0.6701176260453306,15.11183892074677,1.6060983999923335,
stacking_logistic,A,0.531824653248805,0.0164914079242789,0.8175877650559515,0.5882461065710216,0.5385342789598109,0.4914980143027106,0.6583131697200139,0.7982976407470347,12.217594193018757,4.173969100011163,
naive_bayes,A,0.3882006207237483,0.0543206200658246,3.2590979760157466,0.2477219458155746,0.4737588652482269,0.387442053443731,0.3862772208779813,3.101988031536981,4.896232284472871,0.1133658999897306,
knn,A,0.6206459946510756,0.0078545189533178,1.081790634194761,0.5827294654303249,0.5497241922773838,0.5994561218913742,0.6669547182855168,0.9313793630408856,9.125043207820893,0.046930099997553,
sgd_svm,A,0.4392724024866593,0.0267391879864034,0.8795532553733818,0.4054140956025547,0.4595744680851064,0.5038249070547606,0.6334255098513654,0.8106973544753177,4.559626684475348,0.1997773999901255,
mlp,A,0.6188565465313559,0.0082168106285415,0.7430537817990552,0.4392915976306542,0.4706067769897557,0.557672786711687,0.6686830279986173,0.6955201363576186,5.051244383434306,2.1137604999967152,
extra_trees,A,0.6208328021390928,0.0121240577533563,0.7414393398302697,0.536253975150707,0.5810874704491725,0.545206596458745,0.6667818873142067,0.6937899019995861,9.555357759742783,0.2287662000017007,
adaboost,A,0.6181379489726511,0.0194751906830621,1.0331550200496715,0.462223130536871,0.4764381402679275,0.5767522651897699,0.6621154510888351,1.0257025853407962,12.679087453163003,1.20233410000219,
catboost,A,0.6125219556183961,0.0242926107624117,0.7118048556207808,0.5887720450341426,0.568006304176517,0.6129435880330054,0.659004493605254,0.6790090844892002,4.947528517524162,0.421572199993534,
stacking_lgbm,A,0.6295395334291267,0.0259546205000336,0.8749703095828453,0.5969198036988371,0.5711583924349882,0.6403574896630052,0.6541652264085724,0.8031283739900332,14.597493952055384,3.762930199998664,
dummy_prior,B,0.2064408438722123,0.0044147970025212,1.0596701170591565,0.1827403424474697,0.3776201733648542,0.2279843815155995,0.5197027307293467,1.052948467165853,4.5919979254202,0.1140759999980218,
dummy_stratified,B,0.3424545227640597,0.0013939170448928,22.801191261166945,0.3259867858485156,0.3555555555555555,0.3388657169206084,0.373487729001037,22.581791139915254,3.984842725153504,0.111882199998945,
decision_tree,B,0.8010583341500631,0.0099798676224145,0.7834021105763695,0.7468269355965811,0.7825059101654847,0.7875005164557641,0.79415831316972,0.7236265442358781,4.852920842735722,0.1964111999986926,
random_forest,B,0.8160571785913735,0.0057357441908339,0.456975473822395,0.8169882111211018,0.8408195429472025,0.7968133241693584,0.8067749740753543,0.453544956923003,10.150069133407538,0.3700702000060119,
bagging,B,0.8195269932161006,0.0050327174743169,0.3934580554488007,0.8129450210213095,0.838140267927502,0.802927666657542,0.8157621845834774,0.4010897656180467,30.296128588067702,0.5582881000009365,
gradient_boosting,B,0.8277250099564505,0.0078385659149826,0.3807566792342577,0.7816932657830723,0.8047281323877069,0.8071830667063429,0.8199101278949188,0.4081712650046861,6.976166609258607,1.9432958999968832,
hist_gradient_boosting,B,0.8201638606587771,0.0056134110094885,0.381389084466791,0.8204361758709164,0.843183609141056,0.8035557112893246,0.814898029726927,0.4046439984663986,6.301970272770842,0.7093150000000605,
xgboost,B,0.8214056258927354,0.0035044567865293,0.3813389122486114,0.8207616055727139,0.844602048857368,0.8070800685922667,0.8187003110957484,0.4026846587657928,6.287867263755596,0.4507478000014089,
lightgbm,B,0.8055049155874496,0.0038279338959374,0.3991138845534675,0.8090725044942012,0.8327817178881008,0.7904915683805743,0.7974421016246112,0.4275223021842478,5.2094538520461136,0.3261321999889333,
soft_voting,B,0.814269014911049,0.0053008714991093,0.3982423607877063,0.81756452468329,0.8409771473601261,0.8022183237793397,0.8112685793294159,0.4110470454244911,14.85470100034352,1.7708547999936854,
stacking_logistic,B,0.8053292149935043,0.0109378945092254,0.529223930566803,0.8065223017087638,0.8258471237194641,0.7865044106374007,0.8064293121327342,0.5439486787922514,12.720549602000826,4.336270500003593,
naive_bayes,B,0.514398514188106,0.0569071193076016,2.300213147129562,0.2766809480294271,0.4901497241922773,0.5034810379296212,0.494123746975458,2.033804011526201,5.87884548867142,0.146399699995527,
knn,B,0.7911123389903061,0.0063550372818624,0.7245187256916801,0.7730778773248929,0.7913317572892041,0.7731508743028281,0.7953681299688904,0.7638209374646561,10.513843762741615,0.0588377999956719,
sgd_svm,B,0.7247885550813444,0.016959905469638,0.678122432027998,0.697266922349313,0.7139479905437353,0.7145368767803735,0.7462841341168337,0.6320650888601216,6.649913582791479,0.2047183999966364,
mlp,B,0.7933864265241702,0.0057551079169128,0.438572130835783,0.761209715485396,0.7828211189913318,0.7830599066316483,0.8105772554441756,0.4746525849659733,5.423193914568547,2.118001099996036,
extra_trees,B,0.8039542773071433,0.007613933247981,0.525667182105104,0.8085297310786621,0.8313632781717888,0.7905309276472711,0.8021085378499827,0.5032610683206924,11.27407535544178,0.2471724999923026,
adaboost,B,0.7955481731183073,0.0099755893396811,0.9867211949134244,0.772981435877944,0.8088258471237194,0.8050748824990365,0.8263048738333909,0.982239497710166,11.958969927519576,1.3543388999969466,
catboost,B,0.8257636760124513,0.0079899218118316,0.3744547816335079,0.817516806160389,0.8384554767533491,0.8258470811424564,0.841168337366056,0.3827559756003645,5.317248532272016,0.4897445999959018,
stacking_lgbm,B,0.7788377633450643,0.0306064828889294,0.5224649076889658,0.8034137111033357,0.8267927501970055,0.7921827434024803,0.8005530591081922,0.4759837049073123,15.46507086103439,4.394209699996281,
logistic_l2,A,0.5940816448169249,0.012220622008829776,,,,0.4949049032047361,,,,,
logistic_elasticnet,A,0.598391329217758,0.012928193538874339,,,,0.504857863491229,,,,,
logistic_l2,B,0.7619458559650142,0.007620627571477504,,,,0.7590437323145404,,,,,
logistic_elasticnet,B,0.7659307064014704,0.0073641846271879545,,,,0.7676085229021453,,,,,
